{"cameraMode":{"drawMode":0,"name":"Shaded","section":"Shading Mode"},"sceneLighting":false,"audioPlay":false,"sceneViewState":{"m_AlwaysRefresh":false,"showFog":true,"showSkybox":false,"showFlares":true,"showImageEffects":true,"showParticleSystems":true,"showVisualEffectGraphs":true,"m_FxEnabled":true},"in2DMode":false,"pivot":{"x":-1.531999945640564,"y":0.01600000075995922,"z":0.9900000095367432},"rotation":{"x":0.05280570685863495,"y":-0.09660026431083679,"z":0.0054953861981630329,"w":0.9940232634544373},"size":0.024000028148293496,"orthographic":false}