{"cameraMode":{"drawMode":0,"name":"Shaded","section":"Shading Mode"},"sceneLighting":true,"audioPlay":false,"sceneViewState":{"m_AlwaysRefresh":false,"showFog":true,"showSkybox":true,"showFlares":true,"showImageEffects":true,"showParticleSystems":true,"showVisualEffectGraphs":true,"m_FxEnabled":true},"in2DMode":false,"pivot":{"x":0.5006672143936157,"y":-0.0035600103437900545,"z":0.6279939413070679},"rotation":{"x":-0.021520499140024186,"y":-0.6305593252182007,"z":0.017294760793447496,"w":-0.7757830023765564},"size":0.3816032409667969,"orthographic":false}